[
    {
        "_id" : ObjectId("5d77d6c624aa9a0005d0c2d3"),
        "airlineDescription" : "AIR FRANCE",
        "ccVendorName" : "MASTERCARD",
        "passthroughType" : "Airline",
        "airlineCode" : "AF",
        "ccVendorCode" : "CA",
        "countryCode" : "IN"
    },
    {
        "_id" : ObjectId("5d77d6c624aa9a0005d0c2d4"),
        "airlineDescription" : "AIR FRANCE",
        "ccVendorName" : "VISA",
        "passthroughType" : "Airline",
        "airlineCode" : "AF",
        "ccVendorCode" : "VI",
        "countryCode" : "IN"
    },
    {
        "_id" : ObjectId("5d77d6c624aa9a0005d0c2e8"),
        "airlineDescription" : "BIMAN BANGLADESH",
        "ccVendorName" : "VISA",
        "passthroughType" : "CWT",
        "airlineCode" : "BG",
        "ccVendorCode" : "VI",
        "countryCode" : "IN"
    },
    {
        "_id" : ObjectId("5d77d6c624aa9a0005d0c30b"),
        "airlineDescription" : "JAPAN AIRLINES",
        "ccVendorName" : "MASTERCARD",
        "passthroughType" : "CWT",
        "airlineCode" : "JL",
        "ccVendorCode" : "CA",
        "countryCode" : "IN"
    },
    {
        "_id" : ObjectId("5d77d6c624aa9a0005d0c2d0"),
        "airlineDescription" : "AIR CANADA",
        "ccVendorName" : "MASTERCARD",
        "passthroughType" : "Airline",
        "airlineCode" : "AC",
        "ccVendorCode" : "CA",
        "countryCode" : "IN"
    },
    {
        "_id" : ObjectId("5d77d6c624aa9a0005d0c2df"),
        "airlineDescription" : "FINNAIR",
        "ccVendorName" : "VISA",
        "passthroughType" : "Airline",
        "airlineCode" : "AY",
        "ccVendorCode" : "VI",
        "countryCode" : "IN"
    },
    {
        "_id" : ObjectId("5d77d6c624aa9a0005d0c2f5"),
        "airlineDescription" : "DELTA AIRLINES",
        "ccVendorName" : "AMEX",
        "passthroughType" : "Airline",
        "airlineCode" : "DL",
        "ccVendorCode" : "AX",
        "countryCode" : "IN"
    },
    {
        "_id" : ObjectId("5d77d6c624aa9a0005d0c306"),
        "airlineDescription" : "AIR SEYCHELLES",
        "ccVendorName" : "VISA",
        "passthroughType" : "CWT",
        "airlineCode" : "HM",
        "ccVendorCode" : "VI",
        "countryCode" : "IN"
    },
    {
        "_id" : ObjectId("5d77d6c624aa9a0005d0c2e0"),
        "airlineDescription" : "ALITALIA",
        "ccVendorName" : "AMEX",
        "passthroughType" : "CWT",
        "airlineCode" : "AZ",
        "ccVendorCode" : "AX",
        "countryCode" : "IN"
    },
    {
        "_id" : ObjectId("5d77d6c624aa9a0005d0c2f6"),
        "airlineDescription" : "DELTA AIRLINES",
        "ccVendorName" : "MASTERCARD",
        "passthroughType" : "Airline",
        "airlineCode" : "DL",
        "ccVendorCode" : "CA",
        "countryCode" : "IN"
    },
    {
        "_id" : ObjectId("5d77d6c624aa9a0005d0c2fe"),
        "airlineDescription" : "ETIHAD AIRWAYS",
        "ccVendorName" : "AMEX",
        "passthroughType" : "Airline",
        "airlineCode" : "EY",
        "ccVendorCode" : "AX",
        "countryCode" : "IN"
    },
    {
        "_id" : ObjectId("5d77d6c624aa9a0005d0c303"),
        "airlineDescription" : "GULF AIR",
        "ccVendorName" : "VISA",
        "passthroughType" : "Airline",
        "airlineCode" : "GF",
        "ccVendorCode" : "VI",
        "countryCode" : "IN"
    },
    {
        "_id" : ObjectId("5d77d6c624aa9a0005d0c2dc"),
        "airlineDescription" : "AIR INDIA",
        "ccVendorName" : "DINERS",
        "passthroughType" : "Airline",
        "airlineCode" : "AI",
        "countryCode" : "IN"
    },
    {
        "_id" : ObjectId("5d77d6c624aa9a0005d0c2f3"),
        "airlineDescription" : "CHINA SOUTHERN",
        "ccVendorName" : "MASTERCARD",
        "passthroughType" : "CWT",
        "airlineCode" : "CZ",
        "ccVendorCode" : "CA",
        "countryCode" : "IN"
    },
    {
        "_id" : ObjectId("5d77d6c624aa9a0005d0c2f4"),
        "airlineDescription" : "CHINA SOUTHERN",
        "ccVendorName" : "VISA",
        "passthroughType" : "CWT",
        "airlineCode" : "CZ",
        "ccVendorCode" : "VI",
        "countryCode" : "IN"
    },
    {
        "_id" : ObjectId("5d77d6c624aa9a0005d0c2de"),
        "airlineDescription" : "FINNAIR",
        "ccVendorName" : "MASTERCARD",
        "passthroughType" : "Airline",
        "airlineCode" : "AY",
        "ccVendorCode" : "CA",
        "countryCode" : "IN"
    },
    {
        "_id" : ObjectId("5d77d6c624aa9a0005d0c2e1"),
        "airlineDescription" : "ALITALIA",
        "ccVendorName" : "MASTERCARD",
        "passthroughType" : "CWT",
        "airlineCode" : "AZ",
        "ccVendorCode" : "CA",
        "countryCode" : "IN"
    },
    {
        "_id" : ObjectId("5d77d6c624aa9a0005d0c2e6"),
        "airlineDescription" : "BIMAN BANGLADESH",
        "ccVendorName" : "AMEX",
        "passthroughType" : "CWT",
        "airlineCode" : "BG",
        "ccVendorCode" : "AX",
        "countryCode" : "IN"
    },
    {
        "_id" : ObjectId("5d77d6c624aa9a0005d0c2ec"),
        "airlineDescription" : "CHINA AIRLINES",
        "ccVendorName" : "AMEX",
        "passthroughType" : "CWT",
        "airlineCode" : "CI",
        "ccVendorCode" : "AX",
        "countryCode" : "IN"
    },
    {
        "_id" : ObjectId("5d77d6c624aa9a0005d0c2f2"),
        "airlineDescription" : "CHINA SOUTHERN",
        "ccVendorName" : "AMEX",
        "passthroughType" : "CWT",
        "airlineCode" : "CZ",
        "ccVendorCode" : "AX",
        "countryCode" : "IN"
    },
    {
        "_id" : ObjectId("5d77d6c624aa9a0005d0c302"),
        "airlineDescription" : "GULF AIR",
        "ccVendorName" : "MASTERCARD",
        "passthroughType" : "Airline",
        "airlineCode" : "GF",
        "ccVendorCode" : "CA",
        "countryCode" : "IN"
    },
    {
        "_id" : ObjectId("5d77d6c624aa9a0005d0c30a"),
        "airlineDescription" : "JAPAN AIRLINES",
        "ccVendorName" : "AMEX",
        "passthroughType" : "CWT",
        "airlineCode" : "JL",
        "ccVendorCode" : "AX",
        "countryCode" : "IN"
    },
    {
        "_id" : ObjectId("5d77d6c624aa9a0005d0c2e4"),
        "airlineDescription" : "BRITISH AIRWAYS",
        "ccVendorName" : "MASTERCARD",
        "passthroughType" : "Airline",
        "airlineCode" : "BA",
        "ccVendorCode" : "CA",
        "countryCode" : "IN"
    },
    {
        "_id" : ObjectId("5d77d6c624aa9a0005d0c2f1"),
        "airlineDescription" : "CATHAY PACIFIC",
        "ccVendorName" : "VISA",
        "passthroughType" : "CWT",
        "airlineCode" : "CX",
        "ccVendorCode" : "VI",
        "countryCode" : "IN"
    },
    {
        "_id" : ObjectId("5d77d6c624aa9a0005d0c2cc"),
        "airlineDescription" : "AMERICAN AIRLINES",
        "ccVendorName" : "AMEX",
        "passthroughType" : "Airline",
        "airlineCode" : "AA",
        "ccVendorCode" : "AX",
        "countryCode" : "IN"
    },
    {
        "_id" : ObjectId("5d77d6c624aa9a0005d0c2d7"),
        "airlineDescription" : "AIR INDIA",
        "ccVendorName" : "VISA",
        "passthroughType" : "Airline",
        "airlineCode" : "AI",
        "ccVendorCode" : "VI",
        "countryCode" : "IN"
    },
    {
        "_id" : ObjectId("5d77d6c624aa9a0005d0c2e7"),
        "airlineDescription" : "BIMAN BANGLADESH",
        "ccVendorName" : "MASTERCARD",
        "passthroughType" : "CWT",
        "airlineCode" : "BG",
        "ccVendorCode" : "CA",
        "countryCode" : "IN"
    },
    {
        "_id" : ObjectId("5d77d6c624aa9a0005d0c309"),
        "airlineDescription" : "HAHN AIR",
        "ccVendorName" : "VISA",
        "passthroughType" : "CWT",
        "airlineCode" : "HR",
        "ccVendorCode" : "VI",
        "countryCode" : "IN"
    },
    {
        "_id" : ObjectId("5d77d6c624aa9a0005d0c2d5"),
        "airlineDescription" : "AIR INDIA",
        "ccVendorName" : "AMEX",
        "passthroughType" : "Airline",
        "airlineCode" : "AI",
        "ccVendorCode" : "AX",
        "countryCode" : "IN"
    },
    {
        "_id" : ObjectId("5d77d6c624aa9a0005d0c2ee"),
        "airlineDescription" : "CHINA AIRLINES",
        "ccVendorName" : "VISA",
        "passthroughType" : "CWT",
        "airlineCode" : "CI",
        "ccVendorCode" : "VI",
        "countryCode" : "IN"
    },
    {
        "_id" : ObjectId("5d77d6c624aa9a0005d0c300"),
        "airlineDescription" : "ETIHAD AIRWAYS",
        "ccVendorName" : "VISA",
        "passthroughType" : "Airline",
        "airlineCode" : "EY",
        "ccVendorCode" : "VI",
        "countryCode" : "IN"
    },
    {
        "_id" : ObjectId("5d77d6c624aa9a0005d0c2e2"),
        "airlineDescription" : "ALITALIA",
        "ccVendorName" : "VISA",
        "passthroughType" : "CWT",
        "airlineCode" : "AZ",
        "ccVendorCode" : "VI",
        "countryCode" : "IN"
    },
    {
        "_id" : ObjectId("5d77d6c624aa9a0005d0c2e3"),
        "airlineDescription" : "BRITISH AIRWAYS",
        "ccVendorName" : "AMEX",
        "passthroughType" : "Airline",
        "airlineCode" : "BA",
        "ccVendorCode" : "AX",
        "countryCode" : "IN"
    },
    {
        "_id" : ObjectId("5d77d6c624aa9a0005d0c2e9"),
        "airlineDescription" : "AIR CHINA",
        "ccVendorName" : "AMEX",
        "passthroughType" : "Airline",
        "airlineCode" : "CA",
        "ccVendorCode" : "AX",
        "countryCode" : "IN"
    },
    {
        "_id" : ObjectId("5d77d6c624aa9a0005d0c2f8"),
        "airlineDescription" : "EMIRATES",
        "ccVendorName" : "AMEX",
        "passthroughType" : "Airline",
        "airlineCode" : "EK",
        "ccVendorCode" : "AX",
        "countryCode" : "IN"
    },
    {
        "_id" : ObjectId("5d77d6c624aa9a0005d0c2d2"),
        "airlineDescription" : "AIR FRANCE",
        "ccVendorName" : "AMEX",
        "passthroughType" : "Airline",
        "airlineCode" : "AF",
        "ccVendorCode" : "AX",
        "countryCode" : "IN"
    },
    {
        "_id" : ObjectId("5d77d6c624aa9a0005d0c2d8"),
        "airlineDescription" : "AIR INDIA",
        "ccVendorName" : "DINERS",
        "passthroughType" : "Airline",
        "airlineCode" : "AI",
        "ccVendorCode" : "DC",
        "countryCode" : "IN"
    },
    {
        "_id" : ObjectId("5d77d6c624aa9a0005d0c2ef"),
        "airlineDescription" : "CATHAY PACIFIC",
        "ccVendorName" : "AMEX",
        "passthroughType" : "CWT",
        "airlineCode" : "CX",
        "ccVendorCode" : "AX",
        "countryCode" : "IN"
    },
    {
        "_id" : ObjectId("5d77d6c624aa9a0005d0c2fa"),
        "airlineDescription" : "EMIRATES",
        "ccVendorName" : "VISA",
        "passthroughType" : "Airline",
        "airlineCode" : "EK",
        "ccVendorCode" : "VI",
        "countryCode" : "IN"
    },
    {
        "_id" : ObjectId("5d77d6c624aa9a0005d0c2cf"),
        "airlineDescription" : "AIR CANADA",
        "ccVendorName" : "AMEX",
        "passthroughType" : "Airline",
        "airlineCode" : "AC",
        "ccVendorCode" : "AX",
        "countryCode" : "IN"
    },
    {
        "_id" : ObjectId("5d77d6c624aa9a0005d0c2d6"),
        "airlineDescription" : "AIR INDIA",
        "ccVendorName" : "MASTERCARD",
        "passthroughType" : "Airline",
        "airlineCode" : "AI",
        "ccVendorCode" : "CA",
        "countryCode" : "IN"
    },
    {
        "_id" : ObjectId("5d77d6c624aa9a0005d0c2fc"),
        "airlineDescription" : "ETHIOPIAN AIRLINE",
        "ccVendorName" : "MASTERCARD",
        "passthroughType" : "CWT",
        "airlineCode" : "ET",
        "ccVendorCode" : "CA",
        "countryCode" : "IN"
    },
    {
        "_id" : ObjectId("5d77d6c624aa9a0005d0c2ce"),
        "airlineDescription" : "AMERICAN AIRLINES",
        "ccVendorName" : "VISA",
        "passthroughType" : "Airline",
        "airlineCode" : "AA",
        "ccVendorCode" : "VI",
        "countryCode" : "IN"
    },
    {
        "_id" : ObjectId("5d77d6c624aa9a0005d0c2dd"),
        "airlineDescription" : "FINNAIR",
        "ccVendorName" : "AMEX",
        "passthroughType" : "Airline",
        "airlineCode" : "AY",
        "ccVendorCode" : "AX",
        "countryCode" : "IN"
    },
    {
        "_id" : ObjectId("5d77d6c624aa9a0005d0c2f9"),
        "airlineDescription" : "EMIRATES",
        "ccVendorName" : "MASTERCARD",
        "passthroughType" : "Airline",
        "airlineCode" : "EK",
        "ccVendorCode" : "CA",
        "countryCode" : "IN"
    },
    {
        "_id" : ObjectId("5d77d6c624aa9a0005d0c2fb"),
        "airlineDescription" : "ETHIOPIAN AIRLINE",
        "ccVendorName" : "AMEX",
        "passthroughType" : "CWT",
        "airlineCode" : "ET",
        "ccVendorCode" : "AX",
        "countryCode" : "IN"
    },
    {
        "_id" : ObjectId("5d77d6c624aa9a0005d0c2ea"),
        "airlineDescription" : "AIR CHINA",
        "ccVendorName" : "MASTERCARD",
        "passthroughType" : "Airline",
        "airlineCode" : "CA",
        "ccVendorCode" : "CA",
        "countryCode" : "IN"
    },
    {
        "_id" : ObjectId("5d77d6c624aa9a0005d0c2f0"),
        "airlineDescription" : "CATHAY PACIFIC",
        "ccVendorName" : "MASTERCARD",
        "passthroughType" : "CWT",
        "airlineCode" : "CX",
        "ccVendorCode" : "CA",
        "countryCode" : "IN"
    },
    {
        "_id" : ObjectId("5d77d6c624aa9a0005d0c301"),
        "airlineDescription" : "GULF AIR",
        "ccVendorName" : "AMEX",
        "passthroughType" : "Airline",
        "airlineCode" : "GF",
        "ccVendorCode" : "AX",
        "countryCode" : "IN"
    },
    {
        "_id" : ObjectId("5d77d6c624aa9a0005d0c2d1"),
        "airlineDescription" : "AIR CANADA",
        "ccVendorName" : "VISA",
        "passthroughType" : "Airline",
        "airlineCode" : "AC",
        "ccVendorCode" : "VI",
        "countryCode" : "IN"
    },
    {
        "_id" : ObjectId("5d77d6c624aa9a0005d0c2d9"),
        "airlineDescription" : "AIR INDIA",
        "ccVendorName" : "AMEX",
        "passthroughType" : "Airline",
        "airlineCode" : "AI",
        "ccVendorCode" : "AX",
        "countryCode" : "IN"
    },
    {
        "_id" : ObjectId("5d77d6c624aa9a0005d0c2e5"),
        "airlineDescription" : "BRITISH AIRWAYS",
        "ccVendorName" : "VISA",
        "passthroughType" : "Airline",
        "airlineCode" : "BA",
        "ccVendorCode" : "VI",
        "countryCode" : "IN"
    },
    {
        "_id" : ObjectId("5d77d6c624aa9a0005d0c2f7"),
        "airlineDescription" : "DELTA AIRLINES",
        "ccVendorName" : "VISA",
        "passthroughType" : "Airline",
        "airlineCode" : "DL",
        "ccVendorCode" : "VI",
        "countryCode" : "IN"
    },
    {
        "_id" : ObjectId("5d77d6c624aa9a0005d0c2ff"),
        "airlineDescription" : "ETIHAD AIRWAYS",
        "ccVendorName" : "MASTERCARD",
        "passthroughType" : "Airline",
        "airlineCode" : "EY",
        "ccVendorCode" : "CA",
        "countryCode" : "IN"
    },
    {
        "_id" : ObjectId("5d77d6c624aa9a0005d0c304"),
        "airlineDescription" : "AIR SEYCHELLES",
        "ccVendorName" : "AMEX",
        "passthroughType" : "CWT",
        "airlineCode" : "HM",
        "ccVendorCode" : "AX",
        "countryCode" : "IN"
    },
    {
        "_id" : ObjectId("5d77d6c624aa9a0005d0c2cd"),
        "airlineDescription" : "AMERICAN AIRLINES",
        "ccVendorName" : "MASTERCARD",
        "passthroughType" : "Airline",
        "airlineCode" : "AA",
        "ccVendorCode" : "CA",
        "countryCode" : "IN"
    },
    {
        "_id" : ObjectId("5d77d6c624aa9a0005d0c2da"),
        "airlineDescription" : "AIR INDIA",
        "ccVendorName" : "MASTERCARD",
        "passthroughType" : "Airline",
        "airlineCode" : "AI",
        "ccVendorCode" : "CA",
        "countryCode" : "IN"
    },
    {
        "_id" : ObjectId("5d77d6c624aa9a0005d0c2db"),
        "airlineDescription" : "AIR INDIA",
        "ccVendorName" : "VISA",
        "passthroughType" : "Airline",
        "airlineCode" : "AI",
        "ccVendorCode" : "VI",
        "countryCode" : "IN"
    },
    {
        "_id" : ObjectId("5d77d6c624aa9a0005d0c2eb"),
        "airlineDescription" : "AIR CHINA",
        "ccVendorName" : "VISA",
        "passthroughType" : "Airline",
        "airlineCode" : "CA",
        "ccVendorCode" : "VI",
        "countryCode" : "IN"
    },
    {
        "_id" : ObjectId("5d77d6c624aa9a0005d0c2ed"),
        "airlineDescription" : "CHINA AIRLINES",
        "ccVendorName" : "MASTERCARD",
        "passthroughType" : "CWT",
        "airlineCode" : "CI",
        "ccVendorCode" : "CA",
        "countryCode" : "IN"
    },
    {
        "_id" : ObjectId("5d77d6c624aa9a0005d0c2fd"),
        "airlineDescription" : "ETHIOPIAN AIRLINE",
        "ccVendorName" : "VISA",
        "passthroughType" : "CWT",
        "airlineCode" : "ET",
        "ccVendorCode" : "VI",
        "countryCode" : "IN"
    },
    {
        "_id" : ObjectId("5d77d6c624aa9a0005d0c305"),
        "airlineDescription" : "AIR SEYCHELLES",
        "ccVendorName" : "MASTERCARD",
        "passthroughType" : "CWT",
        "airlineCode" : "HM",
        "ccVendorCode" : "CA",
        "countryCode" : "IN"
    },
    {
        "_id" : ObjectId("5d77d6c624aa9a0005d0c307"),
        "airlineDescription" : "HAHN AIR",
        "ccVendorName" : "AMEX",
        "passthroughType" : "CWT",
        "airlineCode" : "HR",
        "ccVendorCode" : "AX",
        "countryCode" : "IN"
    },
    {
        "_id" : ObjectId("5d77d6c624aa9a0005d0c308"),
        "airlineDescription" : "HAHN AIR",
        "ccVendorName" : "MASTERCARD",
        "passthroughType" : "CWT",
        "airlineCode" : "HR",
        "ccVendorCode" : "CA",
        "countryCode" : "IN"
    },
    {
        "_id" : ObjectId("5d77d6c624aa9a0005d0c337"),
        "airlineDescription" : "CHINA EASTERN AIRLINES",
        "ccVendorName" : "AMEX",
        "passthroughType" : "CWT",
        "airlineCode" : "MU",
        "ccVendorCode" : "AX",
        "countryCode" : "IN"
    },
    {
        "_id" : ObjectId("5d77d6c624aa9a0005d0c364"),
        "airlineDescription" : "SAUDI ARABIAN AIRLINE",
        "ccVendorName" : "AMEX",
        "passthroughType" : "CWT",
        "airlineCode" : "SV",
        "ccVendorCode" : "AX",
        "countryCode" : "IN"
    },
    {
        "_id" : ObjectId("5d77d6c624aa9a0005d0c365"),
        "airlineDescription" : "SAUDI ARABIAN AIRLINE",
        "ccVendorName" : "MASTERCARD",
        "passthroughType" : "Airline",
        "airlineCode" : "SV",
        "ccVendorCode" : "CA",
        "countryCode" : "IN"
    },
    {
        "_id" : ObjectId("5d77d6c624aa9a0005d0c37a"),
        "airlineDescription" : "AEROSVIT AIRLINE",
        "ccVendorName" : "MASTERCARD",
        "passthroughType" : "CWT",
        "airlineCode" : "VV",
        "ccVendorCode" : "CA",
        "countryCode" : "IN"
    },
    {
        "_id" : ObjectId("5d77d6c624aa9a0005d0c396"),
        "airlineDescription" : "LOT POLISH",
        "ccVendorName" : "VISA",
        "passthroughType" : "CWT",
        "airlineCode" : "LO",
        "ccVendorCode" : "VI",
        "countryCode" : "IN"
    },
    {
        "_id" : ObjectId("5d77d6c624aa9a0005d0c397"),
        "airlineDescription" : "Malindo Airways",
        "ccVendorName" : "AMEX",
        "passthroughType" : "CWT",
        "airlineCode" : "OD",
        "ccVendorCode" : "AX",
        "countryCode" : "IN"
    },
    {
        "_id" : ObjectId("5d77d6c624aa9a0005d0c31f"),
        "airlineDescription" : "SWISS",
        "ccVendorName" : "AMEX",
        "passthroughType" : "Airline",
        "airlineCode" : "LX",
        "ccVendorCode" : "AX",
        "countryCode" : "IN"
    },
    {
        "_id" : ObjectId("5d77d6c624aa9a0005d0c340"),
        "airlineDescription" : "AUSTRIAN",
        "ccVendorName" : "AMEX",
        "passthroughType" : "Airline",
        "airlineCode" : "OS",
        "ccVendorCode" : "AX",
        "countryCode" : "IN"
    },
    {
        "_id" : ObjectId("5d77d6c624aa9a0005d0c343"),
        "airlineDescription" : "ASIANA AIRLINES",
        "ccVendorName" : "AMEX",
        "passthroughType" : "CWT",
        "airlineCode" : "OZ",
        "ccVendorCode" : "AX",
        "countryCode" : "IN"
    },
    {
        "_id" : ObjectId("5d77d6c624aa9a0005d0c368"),
        "airlineDescription" : "THAI AIRWAYS",
        "ccVendorName" : "MASTERCARD",
        "passthroughType" : "Airline",
        "bookingClasses" : [ 
            "Q", 
            "H", 
            "M", 
            "B", 
            "Y", 
            "Z", 
            "J", 
            "D", 
            "C"
        ],
        "airlineCode" : "TG",
        "ccVendorCode" : "CA",
        "countryCode" : "IN"
    },
    {
        "_id" : ObjectId("5d77d6c624aa9a0005d0c36d"),
        "airlineDescription" : "TURKISH AIRLINES",
        "ccVendorName" : "AMEX",
        "passthroughType" : "Airline",
        "airlineCode" : "TK",
        "ccVendorCode" : "AX",
        "countryCode" : "IN"
    },
    {
        "_id" : ObjectId("5d77d6c624aa9a0005d0c374"),
        "airlineDescription" : "SRILANKAN AIRLINES",
        "ccVendorName" : "MASTERCARD",
        "passthroughType" : "CWT",
        "airlineCode" : "UL",
        "ccVendorCode" : "CA",
        "countryCode" : "IN"
    },
    {
        "_id" : ObjectId("5d77d6c624aa9a0005d0c377"),
        "airlineDescription" : "VIRGIN ATLANTIC",
        "ccVendorName" : "MASTERCARD",
        "passthroughType" : "Airline",
        "airlineCode" : "VS",
        "ccVendorCode" : "CA",
        "countryCode" : "IN"
    },
    {
        "_id" : ObjectId("5d77d6c624aa9a0005d0c378"),
        "airlineDescription" : "VIRGIN ATLANTIC",
        "ccVendorName" : "VISA",
        "passthroughType" : "Airline",
        "airlineCode" : "VS",
        "ccVendorCode" : "VI",
        "countryCode" : "IN"
    },
    {
        "_id" : ObjectId("5d77d6c624aa9a0005d0c382"),
        "airlineDescription" : "GMG AIRLINES",
        "ccVendorName" : "AMEX",
        "passthroughType" : "CWT",
        "airlineCode" : "Z5",
        "ccVendorCode" : "AX",
        "countryCode" : "IN"
    },
    {
        "_id" : ObjectId("5d77d6c624aa9a0005d0c38d"),
        "airlineDescription" : "VIETNAM AIRLINE",
        "ccVendorName" : "VISA",
        "passthroughType" : "CWT",
        "airlineCode" : "VN",
        "ccVendorCode" : "VI",
        "countryCode" : "IN"
    },
    {
        "_id" : ObjectId("5d77d6c624aa9a0005d0c3a1"),
        "airlineDescription" : "ROYAL BRUNEI AIRLINES",
        "ccVendorName" : "MASTERCARD",
        "passthroughType" : "CWT",
        "airlineCode" : "BI",
        "ccVendorCode" : "CA",
        "countryCode" : "IN"
    },
    {
        "_id" : ObjectId("5d77d6c624aa9a0005d0c3a6"),
        "airlineDescription" : "INDIGO AIRLINES",
        "ccVendorName" : "AMEX",
        "passthroughType" : "CWT",
        "airlineCode" : "6E",
        "ccVendorCode" : "AX",
        "countryCode" : "IN"
    },
    {
        "_id" : ObjectId("5d77d6c624aa9a0005d0c3b0"),
        "airlineDescription" : "AIR ASIA",
        "ccVendorName" : "MASTERCARD",
        "passthroughType" : "CWT",
        "airlineCode" : "I5",
        "ccVendorCode" : "CA",
        "countryCode" : "IN"
    },
    {
        "_id" : ObjectId("5d77d6c624aa9a0005d0c324"),
        "airlineDescription" : "EL  AL -ISREAL",
        "ccVendorName" : "VISA",
        "passthroughType" : "CWT",
        "airlineCode" : "LY",
        "ccVendorCode" : "VI",
        "countryCode" : "IN"
    },
    {
        "_id" : ObjectId("5d77d6c624aa9a0005d0c379"),
        "airlineDescription" : "AEROSVIT AIRLINE",
        "ccVendorName" : "AMEX",
        "passthroughType" : "CWT",
        "airlineCode" : "VV",
        "ccVendorCode" : "AX",
        "countryCode" : "IN"
    },
    {
        "_id" : ObjectId("5d77d6c624aa9a0005d0c37c"),
        "airlineDescription" : "MAHAN AIRLINES",
        "ccVendorName" : "AMEX",
        "passthroughType" : "CWT",
        "airlineCode" : "W5",
        "ccVendorCode" : "AX",
        "countryCode" : "IN"
    },
    {
        "_id" : ObjectId("5d77d6c624aa9a0005d0c38e"),
        "airlineDescription" : "BANGKOK AIRWAYS",
        "ccVendorName" : "AMEX",
        "passthroughType" : "CWT",
        "airlineCode" : "PG",
        "ccVendorCode" : "AX",
        "countryCode" : "IN"
    },
    {
        "_id" : ObjectId("5d77d6c624aa9a0005d0c3a5"),
        "airlineDescription" : "NEPAL AIRLINES CORPORATION",
        "ccVendorName" : "VISA",
        "passthroughType" : "CWT",
        "airlineCode" : "RA",
        "ccVendorCode" : "VI",
        "countryCode" : "IN"
    },
    {
        "_id" : ObjectId("5d77d6c624aa9a0005d0c316"),
        "airlineDescription" : "KENYA AIRWAYS",
        "ccVendorName" : "AMEX",
        "passthroughType" : "CWT",
        "airlineCode" : "KQ",
        "ccVendorCode" : "AX",
        "countryCode" : "IN"
    },
    {
        "_id" : ObjectId("5d77d6c624aa9a0005d0c329"),
        "airlineDescription" : "SILKAIR",
        "ccVendorName" : "MASTERCARD",
        "passthroughType" : "CWT",
        "bookingClasses" : [ 
            "K", 
            "V", 
            "N", 
            "Q"
        ],
        "airlineCode" : "MI",
        "ccVendorCode" : "CA",
        "countryCode" : "IN"
    },
    {
        "_id" : ObjectId("5d77d6c624aa9a0005d0c330"),
        "airlineDescription" : "MALAYSIA AIRLINES",
        "ccVendorName" : "VISA",
        "passthroughType" : "Airline",
        "airlineCode" : "MH",
        "ccVendorCode" : "VI",
        "countryCode" : "IN"
    },
    {
        "_id" : ObjectId("5d77d6c624aa9a0005d0c331"),
        "airlineDescription" : "AIR MAURITIUS",
        "ccVendorName" : "AMEX",
        "passthroughType" : "CWT",
        "airlineCode" : "MK",
        "ccVendorCode" : "AX",
        "countryCode" : "IN"
    },
    {
        "_id" : ObjectId("5d77d6c624aa9a0005d0c338"),
        "airlineDescription" : "CHINA EASTERN AIRLINES",
        "ccVendorName" : "MASTERCARD",
        "passthroughType" : "CWT",
        "airlineCode" : "MU",
        "ccVendorCode" : "CA",
        "countryCode" : "IN"
    },
    {
        "_id" : ObjectId("5d77d6c624aa9a0005d0c339"),
        "airlineDescription" : "CHINA EASTERN AIRLINES",
        "ccVendorName" : "VISA",
        "passthroughType" : "CWT",
        "airlineCode" : "MU",
        "ccVendorCode" : "VI",
        "countryCode" : "IN"
    },
    {
        "_id" : ObjectId("5d77d6c624aa9a0005d0c357"),
        "airlineDescription" : "SCANDINAVIAN AIRLINES",
        "ccVendorName" : "VISA",
        "passthroughType" : "CWT",
        "airlineCode" : "SK",
        "ccVendorCode" : "VI",
        "countryCode" : "IN"
    },
    {
        "_id" : ObjectId("5d77d6c624aa9a0005d0c361"),
        "airlineDescription" : "AEROFLOT",
        "ccVendorName" : "AMEX",
        "passthroughType" : "CWT",
        "airlineCode" : "SU",
        "ccVendorCode" : "AX",
        "countryCode" : "IN"
    },
    {
        "_id" : ObjectId("5d77d6c624aa9a0005d0c370"),
        "airlineDescription" : "UNITED AIRLINES",
        "ccVendorName" : "AMEX",
        "passthroughType" : "Airline",
        "airlineCode" : "UA",
        "ccVendorCode" : "AX",
        "countryCode" : "IN"
    },
    {
        "_id" : ObjectId("5d77d6c624aa9a0005d0c3ac"),
        "airlineDescription" : "GO AIR",
        "ccVendorName" : "AMEX",
        "passthroughType" : "CWT",
        "airlineCode" : "G8",
        "ccVendorCode" : "AX",
        "countryCode" : "IN"
    },
    {
        "_id" : ObjectId("5d77d6c624aa9a0005d0c3ad"),
        "airlineDescription" : "GO AIR",
        "ccVendorName" : "MASTERCARD",
        "passthroughType" : "CWT",
        "airlineCode" : "G8",
        "ccVendorCode" : "CA",
        "countryCode" : "IN"
    },
    {
        "_id" : ObjectId("5d77d6c624aa9a0005d0c30d"),
        "airlineDescription" : "AIR ASTANA",
        "ccVendorName" : "AMEX",
        "passthroughType" : "CWT",
        "airlineCode" : "KC",
        "ccVendorCode" : "AX",
        "countryCode" : "IN"
    },
    {
        "_id" : ObjectId("5d77d6c624aa9a0005d0c310"),
        "airlineDescription" : "KOREAN AIR",
        "ccVendorName" : "AMEX",
        "passthroughType" : "Airline",
        "airlineCode" : "KE",
        "ccVendorCode" : "AX",
        "countryCode" : "IN"
    },
    {
        "_id" : ObjectId("5d77d6c624aa9a0005d0c34f"),
        "airlineDescription" : "ROYAL JORDANIAN",
        "ccVendorName" : "AMEX",
        "passthroughType" : "Airline",
        "airlineCode" : "RJ",
        "ccVendorCode" : "AX",
        "countryCode" : "IN"
    },
    {
        "_id" : ObjectId("5d77d6c624aa9a0005d0c380"),
        "airlineDescription" : "OMAN AIR",
        "ccVendorName" : "MASTERCARD",
        "passthroughType" : "Airline",
        "airlineCode" : "WY",
        "ccVendorCode" : "CA",
        "countryCode" : "IN"
    },
    {
        "_id" : ObjectId("5d77d6c624aa9a0005d0c387"),
        "airlineDescription" : "PHILIPPINE AIRLINES",
        "ccVendorName" : "VISA",
        "passthroughType" : "CWT",
        "airlineCode" : "PR",
        "ccVendorCode" : "VI",
        "countryCode" : "IN"
    },
    {
        "_id" : ObjectId("5d77d6c624aa9a0005d0c38c"),
        "airlineDescription" : "VIETNAM AIRLINE",
        "ccVendorName" : "MASTERCARD",
        "passthroughType" : "CWT",
        "airlineCode" : "VN",
        "ccVendorCode" : "CA",
        "countryCode" : "IN"
    },
    {
        "_id" : ObjectId("5d77d6c624aa9a0005d0c398"),
        "airlineDescription" : "Malindo Airways",
        "ccVendorName" : "MASTERCARD",
        "passthroughType" : "CWT",
        "airlineCode" : "OD",
        "ccVendorCode" : "CA",
        "countryCode" : "IN"
    },
    {
        "_id" : ObjectId("5d77d6c624aa9a0005d0c399"),
        "airlineDescription" : "Malindo Airways",
        "ccVendorName" : "VISA",
        "passthroughType" : "CWT",
        "airlineCode" : "OD",
        "ccVendorCode" : "VI",
        "countryCode" : "IN"
    },
    {
        "_id" : ObjectId("5d77d6c624aa9a0005d0c3a0"),
        "airlineDescription" : "ROYAL BRUNEI AIRLINES",
        "ccVendorName" : "AMEX",
        "passthroughType" : "CWT",
        "airlineCode" : "BI",
        "ccVendorCode" : "AX",
        "countryCode" : "IN"
    },
    {
        "_id" : ObjectId("5d77d6c624aa9a0005d0c3ab"),
        "airlineDescription" : "SPICEJET",
        "ccVendorName" : "VISA",
        "passthroughType" : "CWT",
        "airlineCode" : "SG",
        "ccVendorCode" : "VI",
        "countryCode" : "IN"
    },
    {
        "_id" : ObjectId("5d77d6c624aa9a0005d0c323"),
        "airlineDescription" : "EL  AL -ISREAL",
        "ccVendorName" : "MASTERCARD",
        "passthroughType" : "CWT",
        "airlineCode" : "LY",
        "ccVendorCode" : "CA",
        "countryCode" : "IN"
    },
    {
        "_id" : ObjectId("5d77d6c624aa9a0005d0c34a"),
        "airlineDescription" : "QANTAS",
        "ccVendorName" : "MASTERCARD",
        "passthroughType" : "Airline",
        "airlineCode" : "QF",
        "ccVendorCode" : "CA",
        "countryCode" : "IN"
    },
    {
        "_id" : ObjectId("5d77d6c624aa9a0005d0c34c"),
        "airlineDescription" : "QATAR AIRWAYS",
        "ccVendorName" : "AMEX",
        "passthroughType" : "Airline",
        "airlineCode" : "QR",
        "ccVendorCode" : "AX",
        "countryCode" : "IN"
    },
    {
        "_id" : ObjectId("5d77d6c624aa9a0005d0c352"),
        "airlineDescription" : "SOUTH AFRICAN AIRLINES",
        "ccVendorName" : "AMEX",
        "passthroughType" : "CWT",
        "airlineCode" : "SA",
        "ccVendorCode" : "AX",
        "countryCode" : "IN"
    },
    {
        "_id" : ObjectId("5d77d6c624aa9a0005d0c35f"),
        "airlineDescription" : "SINGAPORE AIRLINES",
        "ccVendorName" : "MASTERCARD",
        "passthroughType" : "Airline",
        "bookingClasses" : [ 
            "W", 
            "H", 
            "M", 
            "E", 
            "B", 
            "Y", 
            "D", 
            "U", 
            "J", 
            "C", 
            "Z"
        ],
        "airlineCode" : "SQ",
        "ccVendorCode" : "CA",
        "countryCode" : "IN"
    },
    {
        "_id" : ObjectId("5d77d6c624aa9a0005d0c372"),
        "airlineDescription" : "UNITED AIRLINES",
        "ccVendorName" : "VISA",
        "passthroughType" : "CWT",
        "airlineCode" : "UA",
        "ccVendorCode" : "VI",
        "countryCode" : "IN"
    },
    {
        "_id" : ObjectId("5d77d6c624aa9a0005d0c373"),
        "airlineDescription" : "SRILANKAN AIRLINES",
        "ccVendorName" : "AMEX",
        "passthroughType" : "CWT",
        "airlineCode" : "UL",
        "ccVendorCode" : "AX",
        "countryCode" : "IN"
    },
    {
        "_id" : ObjectId("5d77d6c624aa9a0005d0c37b"),
        "airlineDescription" : "AEROSVIT AIRLINE",
        "ccVendorName" : "VISA",
        "passthroughType" : "CWT",
        "airlineCode" : "VV",
        "ccVendorCode" : "VI",
        "countryCode" : "IN"
    },
    {
        "_id" : ObjectId("5d77d6c624aa9a0005d0c381"),
        "airlineDescription" : "OMAN AIR",
        "ccVendorName" : "VISA",
        "passthroughType" : "Airline",
        "airlineCode" : "WY",
        "ccVendorCode" : "VI",
        "countryCode" : "IN"
    },
    {
        "_id" : ObjectId("5d77d6c624aa9a0005d0c386"),
        "airlineDescription" : "PHILIPPINE AIRLINES",
        "ccVendorName" : "MASTERCARD",
        "passthroughType" : "CWT",
        "airlineCode" : "PR",
        "ccVendorCode" : "CA",
        "countryCode" : "IN"
    },
    {
        "_id" : ObjectId("5d77d6c624aa9a0005d0c39b"),
        "airlineDescription" : "Vistara",
        "ccVendorName" : "MASTERCARD",
        "passthroughType" : "Airline",
        "airlineCode" : "UK",
        "ccVendorCode" : "CA",
        "countryCode" : "IN"
    },
    {
        "_id" : ObjectId("5d77d6c624aa9a0005d0c39d"),
        "airlineDescription" : "GARUDA INDONESIA",
        "ccVendorName" : "AMEX",
        "passthroughType" : "CWT",
        "airlineCode" : "GA",
        "ccVendorCode" : "AX",
        "countryCode" : "IN"
    },
    {
        "_id" : ObjectId("5d77d6c624aa9a0005d0c3a4"),
        "airlineDescription" : "NEPAL AIRLINES CORPORATION",
        "ccVendorName" : "MASTERCARD",
        "passthroughType" : "CWT",
        "airlineCode" : "RA",
        "ccVendorCode" : "CA",
        "countryCode" : "IN"
    },
    {
        "_id" : ObjectId("5d77d6c624aa9a0005d0c3af"),
        "airlineDescription" : "AIR ASIA",
        "ccVendorName" : "AMEX",
        "passthroughType" : "CWT",
        "airlineCode" : "I5",
        "ccVendorCode" : "AX",
        "countryCode" : "IN"
    },
    {
        "_id" : ObjectId("5d77d6c624aa9a0005d0c311"),
        "airlineDescription" : "KOREAN AIR",
        "ccVendorName" : "MASTERCARD",
        "passthroughType" : "Airline",
        "airlineCode" : "KE",
        "ccVendorCode" : "CA",
        "countryCode" : "IN"
    },
    {
        "_id" : ObjectId("5d77d6c624aa9a0005d0c314"),
        "airlineDescription" : "KLM ROYAL DUTCH",
        "ccVendorName" : "MASTERCARD",
        "passthroughType" : "Airline",
        "airlineCode" : "KL",
        "ccVendorCode" : "CA",
        "countryCode" : "IN"
    },
    {
        "_id" : ObjectId("5d77d6c624aa9a0005d0c36c"),
        "airlineDescription" : "THAI AIRWAYS",
        "ccVendorName" : "VISA",
        "passthroughType" : "CWT",
        "bookingClasses" : [ 
            "W", 
            "V", 
            "K", 
            "T"
        ],
        "airlineCode" : "TG",
        "ccVendorCode" : "VI",
        "countryCode" : "IN"
    },
    {
        "_id" : ObjectId("5d77d6c624aa9a0005d0c388"),
        "airlineDescription" : "PAKISTAN INTL AIRLINE",
        "ccVendorName" : "AMEX",
        "passthroughType" : "CWT",
        "airlineCode" : "PK",
        "ccVendorCode" : "AX",
        "countryCode" : "IN"
    },
    {
        "_id" : ObjectId("5d77d6c624aa9a0005d0c38b"),
        "airlineDescription" : "VIETNAM AIRLINE",
        "ccVendorName" : "AMEX",
        "passthroughType" : "CWT",
        "airlineCode" : "VN",
        "ccVendorCode" : "AX",
        "countryCode" : "IN"
    },
    {
        "_id" : ObjectId("5d77d6c624aa9a0005d0c3a3"),
        "airlineDescription" : "NEPAL AIRLINES CORPORATION",
        "ccVendorName" : "AMEX",
        "passthroughType" : "CWT",
        "airlineCode" : "RA",
        "ccVendorCode" : "AX",
        "countryCode" : "IN"
    },
    {
        "_id" : ObjectId("5d77d6c624aa9a0005d0c3aa"),
        "airlineDescription" : "SPICEJET",
        "ccVendorName" : "MASTERCARD",
        "passthroughType" : "CWT",
        "airlineCode" : "SG",
        "ccVendorCode" : "CA",
        "countryCode" : "IN"
    },
    {
        "_id" : ObjectId("5d77d6c624aa9a0005d0c30c"),
        "airlineDescription" : "JAPAN AIRLINES",
        "ccVendorName" : "VISA",
        "passthroughType" : "CWT",
        "airlineCode" : "JL",
        "ccVendorCode" : "VI",
        "countryCode" : "IN"
    },
    {
        "_id" : ObjectId("5d77d6c624aa9a0005d0c31a"),
        "airlineDescription" : "KUWAIT AIRWAYS",
        "ccVendorName" : "MASTERCARD",
        "passthroughType" : "CWT",
        "airlineCode" : "KU",
        "ccVendorCode" : "CA",
        "countryCode" : "IN"
    },
    {
        "_id" : ObjectId("5d77d6c624aa9a0005d0c32c"),
        "airlineDescription" : "SILKAIR",
        "ccVendorName" : "MASTERCARD",
        "passthroughType" : "Airline",
        "bookingClasses" : [ 
            "W", 
            "H", 
            "M", 
            "E", 
            "B", 
            "Y", 
            "D", 
            "U", 
            "J", 
            "C", 
            "Z"
        ],
        "airlineCode" : "MI",
        "ccVendorCode" : "CA",
        "countryCode" : "IN"
    },
    {
        "_id" : ObjectId("5d77d6c624aa9a0005d0c33d"),
        "airlineDescription" : "AIR NEW ZEALAND",
        "ccVendorName" : "AMEX",
        "passthroughType" : "CWT",
        "airlineCode" : "NZ",
        "ccVendorCode" : "AX",
        "countryCode" : "IN"
    },
    {
        "_id" : ObjectId("5d77d6c624aa9a0005d0c345"),
        "airlineDescription" : "ASIANA AIRLINES",
        "ccVendorName" : "VISA",
        "passthroughType" : "CWT",
        "airlineCode" : "OZ",
        "ccVendorCode" : "VI",
        "countryCode" : "IN"
    },
    {
        "_id" : ObjectId("5d77d6c624aa9a0005d0c34b"),
        "airlineDescription" : "QANTAS",
        "ccVendorName" : "VISA",
        "passthroughType" : "Airline",
        "airlineCode" : "QF",
        "ccVendorCode" : "VI",
        "countryCode" : "IN"
    },
    {
        "_id" : ObjectId("5d77d6c624aa9a0005d0c355"),
        "airlineDescription" : "SCANDINAVIAN AIRLINES",
        "ccVendorName" : "AMEX",
        "passthroughType" : "CWT",
        "airlineCode" : "SK",
        "ccVendorCode" : "AX",
        "countryCode" : "IN"
    },
    {
        "_id" : ObjectId("5d77d6c624aa9a0005d0c362"),
        "airlineDescription" : "AEROFLOT",
        "ccVendorName" : "MASTERCARD",
        "passthroughType" : "CWT",
        "airlineCode" : "SU",
        "ccVendorCode" : "CA",
        "countryCode" : "IN"
    },
    {
        "_id" : ObjectId("5d77d6c624aa9a0005d0c3a7"),
        "airlineDescription" : "INDIGO AIRLINES",
        "ccVendorName" : "MASTERCARD",
        "passthroughType" : "CWT",
        "airlineCode" : "6E",
        "ccVendorCode" : "CA",
        "countryCode" : "IN"
    },
    {
        "_id" : ObjectId("5d77d6c624aa9a0005d0c317"),
        "airlineDescription" : "KENYA AIRWAYS",
        "ccVendorName" : "MASTERCARD",
        "passthroughType" : "CWT",
        "airlineCode" : "KQ",
        "ccVendorCode" : "CA",
        "countryCode" : "IN"
    },
    {
        "_id" : ObjectId("5d77d6c624aa9a0005d0c32f"),
        "airlineDescription" : "MALAYSIA AIRLINES",
        "ccVendorName" : "MASTERCARD",
        "passthroughType" : "Airline",
        "airlineCode" : "MH",
        "ccVendorCode" : "CA",
        "countryCode" : "IN"
    },
    {
        "_id" : ObjectId("5d77d6c624aa9a0005d0c348"),
        "airlineDescription" : "UKRAINE INTERNATIONAL AIRLINES",
        "ccVendorName" : "VISA",
        "passthroughType" : "CWT",
        "airlineCode" : "PS",
        "ccVendorCode" : "VI",
        "countryCode" : "IN"
    },
    {
        "_id" : ObjectId("5d77d6c624aa9a0005d0c34e"),
        "airlineDescription" : "QATAR AIRWAYS",
        "ccVendorName" : "VISA",
        "passthroughType" : "Airline",
        "airlineCode" : "QR",
        "ccVendorCode" : "VI",
        "countryCode" : "IN"
    },
    {
        "_id" : ObjectId("5d77d6c624aa9a0005d0c350"),
        "airlineDescription" : "ROYAL JORDANIAN",
        "ccVendorName" : "MASTERCARD",
        "passthroughType" : "Airline",
        "airlineCode" : "RJ",
        "ccVendorCode" : "CA",
        "countryCode" : "IN"
    },
    {
        "_id" : ObjectId("5d77d6c624aa9a0005d0c376"),
        "airlineDescription" : "VIRGIN ATLANTIC",
        "ccVendorName" : "AMEX",
        "passthroughType" : "Airline",
        "airlineCode" : "VS",
        "ccVendorCode" : "AX",
        "countryCode" : "IN"
    },
    {
        "_id" : ObjectId("5d77d6c624aa9a0005d0c37d"),
        "airlineDescription" : "MAHAN AIRLINES",
        "ccVendorName" : "MASTERCARD",
        "passthroughType" : "CWT",
        "airlineCode" : "W5",
        "ccVendorCode" : "CA",
        "countryCode" : "IN"
    },
    {
        "_id" : ObjectId("5d77d6c624aa9a0005d0c385"),
        "airlineDescription" : "PHILIPPINE AIRLINES",
        "ccVendorName" : "AMEX",
        "passthroughType" : "CWT",
        "airlineCode" : "PR",
        "ccVendorCode" : "AX",
        "countryCode" : "IN"
    },
    {
        "_id" : ObjectId("5d77d6c624aa9a0005d0c30e"),
        "airlineDescription" : "AIR ASTANA",
        "ccVendorName" : "MASTERCARD",
        "passthroughType" : "CWT",
        "airlineCode" : "KC",
        "ccVendorCode" : "CA",
        "countryCode" : "IN"
    },
    {
        "_id" : ObjectId("5d77d6c624aa9a0005d0c312"),
        "airlineDescription" : "KOREAN AIR",
        "ccVendorName" : "VISA",
        "passthroughType" : "Airline",
        "airlineCode" : "KE",
        "ccVendorCode" : "VI",
        "countryCode" : "IN"
    },
    {
        "_id" : ObjectId("5d77d6c624aa9a0005d0c319"),
        "airlineDescription" : "KUWAIT AIRWAYS",
        "ccVendorName" : "AMEX",
        "passthroughType" : "CWT",
        "airlineCode" : "KU",
        "ccVendorCode" : "AX",
        "countryCode" : "IN"
    },
    {
        "_id" : ObjectId("5d77d6c624aa9a0005d0c31e"),
        "airlineDescription" : "LUFTHANSA",
        "ccVendorName" : "VISA",
        "passthroughType" : "Airline",
        "airlineCode" : "LH",
        "ccVendorCode" : "VI",
        "countryCode" : "IN"
    },
    {
        "_id" : ObjectId("5d77d6c624aa9a0005d0c326"),
        "airlineDescription" : "AIR MADAGASCAR",
        "ccVendorName" : "MASTERCARD",
        "passthroughType" : "CWT",
        "airlineCode" : "MD",
        "ccVendorCode" : "CA",
        "countryCode" : "IN"
    },
    {
        "_id" : ObjectId("5d77d6c624aa9a0005d0c32e"),
        "airlineDescription" : "MALAYSIA AIRLINES",
        "ccVendorName" : "AMEX",
        "passthroughType" : "Airline",
        "airlineCode" : "MH",
        "ccVendorCode" : "AX",
        "countryCode" : "IN"
    },
    {
        "_id" : ObjectId("5d77d6c624aa9a0005d0c33e"),
        "airlineDescription" : "AIR NEW ZEALAND",
        "ccVendorName" : "MASTERCARD",
        "passthroughType" : "CWT",
        "airlineCode" : "NZ",
        "ccVendorCode" : "CA",
        "countryCode" : "IN"
    },
    {
        "_id" : ObjectId("5d77d6c624aa9a0005d0c349"),
        "airlineDescription" : "QANTAS",
        "ccVendorName" : "AMEX",
        "passthroughType" : "Airline",
        "airlineCode" : "QF",
        "ccVendorCode" : "AX",
        "countryCode" : "IN"
    },
    {
        "_id" : ObjectId("5d77d6c624aa9a0005d0c351"),
        "airlineDescription" : "ROYAL JORDANIAN",
        "ccVendorName" : "VISA",
        "passthroughType" : "Airline",
        "airlineCode" : "RJ",
        "ccVendorCode" : "VI",
        "countryCode" : "IN"
    },
    {
        "_id" : ObjectId("5d77d6c624aa9a0005d0c360"),
        "airlineDescription" : "SINGAPORE AIRLINES",
        "ccVendorName" : "VISA",
        "passthroughType" : "Airline",
        "bookingClasses" : [ 
            "W", 
            "H", 
            "M", 
            "E", 
            "B", 
            "Y", 
            "D", 
            "U", 
            "J", 
            "C", 
            "Z"
        ],
        "airlineCode" : "SQ",
        "ccVendorCode" : "VI",
        "countryCode" : "IN"
    },
    {
        "_id" : ObjectId("5d77d6c624aa9a0005d0c36b"),
        "airlineDescription" : "THAI AIRWAYS",
        "ccVendorName" : "MASTERCARD",
        "passthroughType" : "CWT",
        "bookingClasses" : [ 
            "W", 
            "V", 
            "K", 
            "T"
        ],
        "airlineCode" : "TG",
        "ccVendorCode" : "CA",
        "countryCode" : "IN"
    },
    {
        "_id" : ObjectId("5d77d6c624aa9a0005d0c36e"),
        "airlineDescription" : "TURKISH AIRLINES",
        "ccVendorName" : "MASTERCARD",
        "passthroughType" : "Airline",
        "airlineCode" : "TK",
        "ccVendorCode" : "CA",
        "countryCode" : "IN"
    },
    {
        "_id" : ObjectId("5d77d6c624aa9a0005d0c371"),
        "airlineDescription" : "UNITED AIRLINES",
        "ccVendorName" : "MASTERCARD",
        "passthroughType" : "CWT",
        "airlineCode" : "UA",
        "ccVendorCode" : "CA",
        "countryCode" : "IN"
    },
    {
        "_id" : ObjectId("5d77d6c624aa9a0005d0c37f"),
        "airlineDescription" : "OMAN AIR",
        "ccVendorName" : "AMEX",
        "passthroughType" : "Airline",
        "airlineCode" : "WY",
        "ccVendorCode" : "AX",
        "countryCode" : "IN"
    },
    {
        "_id" : ObjectId("5d77d6c624aa9a0005d0c392"),
        "airlineDescription" : "LATAM AIRLINES",
        "ccVendorName" : "MASTERCARD",
        "passthroughType" : "CWT",
        "airlineCode" : "JJ",
        "ccVendorCode" : "CA",
        "countryCode" : "IN"
    },
    {
        "_id" : ObjectId("5d77d6c624aa9a0005d0c342"),
        "airlineDescription" : "AUSTRIAN",
        "ccVendorName" : "VISA",
        "passthroughType" : "Airline",
        "airlineCode" : "OS",
        "ccVendorCode" : "VI",
        "countryCode" : "IN"
    },
    {
        "_id" : ObjectId("5d77d6c624aa9a0005d0c354"),
        "airlineDescription" : "SOUTH AFRICAN AIRLINES",
        "ccVendorName" : "VISA",
        "passthroughType" : "CWT",
        "airlineCode" : "SA",
        "ccVendorCode" : "VI",
        "countryCode" : "IN"
    },
    {
        "_id" : ObjectId("5d77d6c624aa9a0005d0c356"),
        "airlineDescription" : "SCANDINAVIAN AIRLINES",
        "ccVendorName" : "MASTERCARD",
        "passthroughType" : "CWT",
        "airlineCode" : "SK",
        "ccVendorCode" : "CA",
        "countryCode" : "IN"
    },
    {
        "_id" : ObjectId("5d77d6c624aa9a0005d0c35a"),
        "airlineDescription" : "BRUSSELS AIRLINES",
        "ccVendorName" : "VISA",
        "passthroughType" : "Airline",
        "airlineCode" : "SN",
        "ccVendorCode" : "VI",
        "countryCode" : "IN"
    },
    {
        "_id" : ObjectId("5d77d6c624aa9a0005d0c35d"),
        "airlineDescription" : "SINGAPORE AIRLINES",
        "ccVendorName" : "VISA",
        "passthroughType" : "CWT",
        "bookingClasses" : [ 
            "K", 
            "V", 
            "N", 
            "Q"
        ],
        "airlineCode" : "SQ",
        "ccVendorCode" : "VI",
        "countryCode" : "IN"
    },
    {
        "_id" : ObjectId("5d77d6c624aa9a0005d0c389"),
        "airlineDescription" : "PAKISTAN INTL AIRLINE",
        "ccVendorName" : "MASTERCARD",
        "passthroughType" : "CWT",
        "airlineCode" : "PK",
        "ccVendorCode" : "CA",
        "countryCode" : "IN"
    },
    {
        "_id" : ObjectId("5d77d6c624aa9a0005d0c38a"),
        "airlineDescription" : "PAKISTAN INTL AIRLINE",
        "ccVendorName" : "VISA",
        "passthroughType" : "CWT",
        "airlineCode" : "PK",
        "ccVendorCode" : "VI",
        "countryCode" : "IN"
    },
    {
        "_id" : ObjectId("5d77d6c624aa9a0005d0c390"),
        "airlineDescription" : "BANGKOK AIRWAYS",
        "ccVendorName" : "VISA",
        "passthroughType" : "CWT",
        "airlineCode" : "PG",
        "ccVendorCode" : "VI",
        "countryCode" : "IN"
    },
    {
        "_id" : ObjectId("5d77d6c624aa9a0005d0c391"),
        "airlineDescription" : "LATAM AIRLINES",
        "ccVendorName" : "AMEX",
        "passthroughType" : "CWT",
        "airlineCode" : "JJ",
        "ccVendorCode" : "AX",
        "countryCode" : "IN"
    },
    {
        "_id" : ObjectId("5d77d6c624aa9a0005d0c3ae"),
        "airlineDescription" : "GO AIR",
        "ccVendorName" : "VISA",
        "passthroughType" : "CWT",
        "airlineCode" : "G8",
        "ccVendorCode" : "VI",
        "countryCode" : "IN"
    },
    {
        "_id" : ObjectId("5d77d6c624aa9a0005d0c315"),
        "airlineDescription" : "KLM ROYAL DUTCH",
        "ccVendorName" : "VISA",
        "passthroughType" : "Airline",
        "airlineCode" : "KL",
        "ccVendorCode" : "VI",
        "countryCode" : "IN"
    },
    {
        "_id" : ObjectId("5d77d6c624aa9a0005d0c31c"),
        "airlineDescription" : "LUFTHANSA",
        "ccVendorName" : "AMEX",
        "passthroughType" : "Airline",
        "airlineCode" : "LH",
        "ccVendorCode" : "AX",
        "countryCode" : "IN"
    },
    {
        "_id" : ObjectId("5d77d6c624aa9a0005d0c31d"),
        "airlineDescription" : "LUFTHANSA",
        "ccVendorName" : "MASTERCARD",
        "passthroughType" : "Airline",
        "airlineCode" : "LH",
        "ccVendorCode" : "CA",
        "countryCode" : "IN"
    },
    {
        "_id" : ObjectId("5d77d6c624aa9a0005d0c320"),
        "airlineDescription" : "SWISS",
        "ccVendorName" : "MASTERCARD",
        "passthroughType" : "Airline",
        "airlineCode" : "LX",
        "ccVendorCode" : "CA",
        "countryCode" : "IN"
    },
    {
        "_id" : ObjectId("5d77d6c624aa9a0005d0c32a"),
        "airlineDescription" : "SILKAIR",
        "ccVendorName" : "VISA",
        "passthroughType" : "CWT",
        "bookingClasses" : [ 
            "K", 
            "V", 
            "N", 
            "Q"
        ],
        "airlineCode" : "MI",
        "ccVendorCode" : "VI",
        "countryCode" : "IN"
    },
    {
        "_id" : ObjectId("5d77d6c624aa9a0005d0c335"),
        "airlineDescription" : "EGYPT AIR",
        "ccVendorName" : "MASTERCARD",
        "passthroughType" : "CWT",
        "airlineCode" : "MS",
        "ccVendorCode" : "CA",
        "countryCode" : "IN"
    },
    {
        "_id" : ObjectId("5d77d6c624aa9a0005d0c33f"),
        "airlineDescription" : "AIR NEW ZEALAND",
        "ccVendorName" : "VISA",
        "passthroughType" : "CWT",
        "airlineCode" : "NZ",
        "ccVendorCode" : "VI",
        "countryCode" : "IN"
    },
    {
        "_id" : ObjectId("5d77d6c624aa9a0005d0c34d"),
        "airlineDescription" : "QATAR AIRWAYS",
        "ccVendorName" : "MASTERCARD",
        "passthroughType" : "Airline",
        "airlineCode" : "QR",
        "ccVendorCode" : "CA",
        "countryCode" : "IN"
    },
    {
        "_id" : ObjectId("5d77d6c624aa9a0005d0c359"),
        "airlineDescription" : "BRUSSELS AIRLINES",
        "ccVendorName" : "MASTERCARD",
        "passthroughType" : "Airline",
        "airlineCode" : "SN",
        "ccVendorCode" : "CA",
        "countryCode" : "IN"
    },
    {
        "_id" : ObjectId("5d77d6c624aa9a0005d0c35e"),
        "airlineDescription" : "SINGAPORE AIRLINES",
        "ccVendorName" : "AMEX",
        "passthroughType" : "Airline",
        "bookingClasses" : [ 
            "W", 
            "H", 
            "M", 
            "E", 
            "B", 
            "Y", 
            "D", 
            "U", 
            "J", 
            "C", 
            "Z"
        ],
        "airlineCode" : "SQ",
        "ccVendorCode" : "AX",
        "countryCode" : "IN"
    },
    {
        "_id" : ObjectId("5d77d6c624aa9a0005d0c366"),
        "airlineDescription" : "SAUDI ARABIAN AIRLINE",
        "ccVendorName" : "VISA",
        "passthroughType" : "Airline",
        "airlineCode" : "SV",
        "ccVendorCode" : "VI",
        "countryCode" : "IN"
    },
    {
        "_id" : ObjectId("5d77d6c624aa9a0005d0c36a"),
        "airlineDescription" : "THAI AIRWAYS",
        "ccVendorName" : "AMEX",
        "passthroughType" : "CWT",
        "bookingClasses" : [ 
            "W", 
            "V", 
            "K", 
            "T"
        ],
        "airlineCode" : "TG",
        "ccVendorCode" : "AX",
        "countryCode" : "IN"
    },
    {
        "_id" : ObjectId("5d77d6c624aa9a0005d0c37e"),
        "airlineDescription" : "MAHAN AIRLINES",
        "ccVendorName" : "VISA",
        "passthroughType" : "CWT",
        "airlineCode" : "W5",
        "ccVendorCode" : "VI",
        "countryCode" : "IN"
    },
    {
        "_id" : ObjectId("5d77d6c624aa9a0005d0c384"),
        "airlineDescription" : "GMG AIRLINES",
        "ccVendorName" : "VISA",
        "passthroughType" : "CWT",
        "airlineCode" : "Z5",
        "ccVendorCode" : "VI",
        "countryCode" : "IN"
    },
    {
        "_id" : ObjectId("5d77d6c624aa9a0005d0c394"),
        "airlineDescription" : "LOT POLISH",
        "ccVendorName" : "AMEX",
        "passthroughType" : "CWT",
        "airlineCode" : "LO",
        "ccVendorCode" : "AX",
        "countryCode" : "IN"
    },
    {
        "_id" : ObjectId("5d77d6c624aa9a0005d0c31b"),
        "airlineDescription" : "KUWAIT AIRWAYS",
        "ccVendorName" : "VISA",
        "passthroughType" : "CWT",
        "airlineCode" : "KU",
        "ccVendorCode" : "VI",
        "countryCode" : "IN"
    },
    {
        "_id" : ObjectId("5d77d6c624aa9a0005d0c325"),
        "airlineDescription" : "AIR MADAGASCAR",
        "ccVendorName" : "AMEX",
        "passthroughType" : "CWT",
        "airlineCode" : "MD",
        "ccVendorCode" : "AX",
        "countryCode" : "IN"
    },
    {
        "_id" : ObjectId("5d77d6c624aa9a0005d0c334"),
        "airlineDescription" : "EGYPT AIR",
        "ccVendorName" : "AMEX",
        "passthroughType" : "CWT",
        "airlineCode" : "MS",
        "ccVendorCode" : "AX",
        "countryCode" : "IN"
    },
    {
        "_id" : ObjectId("5d77d6c624aa9a0005d0c344"),
        "airlineDescription" : "ASIANA AIRLINES",
        "ccVendorName" : "MASTERCARD",
        "passthroughType" : "CWT",
        "airlineCode" : "OZ",
        "ccVendorCode" : "CA",
        "countryCode" : "IN"
    },
    {
        "_id" : ObjectId("5d77d6c624aa9a0005d0c347"),
        "airlineDescription" : "UKRAINE INTERNATIONAL AIRLINES",
        "ccVendorName" : "MASTERCARD",
        "passthroughType" : "CWT",
        "airlineCode" : "PS",
        "ccVendorCode" : "CA",
        "countryCode" : "IN"
    },
    {
        "_id" : ObjectId("5d77d6c624aa9a0005d0c353"),
        "airlineDescription" : "SOUTH AFRICAN AIRLINES",
        "ccVendorName" : "MASTERCARD",
        "passthroughType" : "CWT",
        "airlineCode" : "SA",
        "ccVendorCode" : "CA",
        "countryCode" : "IN"
    },
    {
        "_id" : ObjectId("5d77d6c624aa9a0005d0c35c"),
        "airlineDescription" : "SINGAPORE AIRLINES",
        "ccVendorName" : "MASTERCARD",
        "passthroughType" : "CWT",
        "bookingClasses" : [ 
            "K", 
            "V", 
            "N", 
            "Q"
        ],
        "airlineCode" : "SQ",
        "ccVendorCode" : "CA",
        "countryCode" : "IN"
    },
    {
        "_id" : ObjectId("5d77d6c624aa9a0005d0c367"),
        "airlineDescription" : "THAI AIRWAYS",
        "ccVendorName" : "AMEX",
        "passthroughType" : "Airline",
        "bookingClasses" : [ 
            "Q", 
            "H", 
            "M", 
            "B", 
            "Y", 
            "Z", 
            "J", 
            "D", 
            "C"
        ],
        "airlineCode" : "TG",
        "ccVendorCode" : "AX",
        "countryCode" : "IN"
    },
    {
        "_id" : ObjectId("5d77d6c624aa9a0005d0c38f"),
        "airlineDescription" : "BANGKOK AIRWAYS",
        "ccVendorName" : "MASTERCARD",
        "passthroughType" : "CWT",
        "airlineCode" : "PG",
        "ccVendorCode" : "CA",
        "countryCode" : "IN"
    },
    {
        "_id" : ObjectId("5d77d6c624aa9a0005d0c395"),
        "airlineDescription" : "LOT POLISH",
        "ccVendorName" : "MASTERCARD",
        "passthroughType" : "CWT",
        "airlineCode" : "LO",
        "ccVendorCode" : "CA",
        "countryCode" : "IN"
    },
    {
        "_id" : ObjectId("5d77d6c624aa9a0005d0c39a"),
        "airlineDescription" : "Vistara",
        "ccVendorName" : "AMEX",
        "passthroughType" : "Airline",
        "airlineCode" : "UK",
        "ccVendorCode" : "AX",
        "countryCode" : "IN"
    },
    {
        "_id" : ObjectId("5d77d6c624aa9a0005d0c3a8"),
        "airlineDescription" : "INDIGO AIRLINES",
        "ccVendorName" : "VISA",
        "passthroughType" : "CWT",
        "airlineCode" : "6E",
        "ccVendorCode" : "VI",
        "countryCode" : "IN"
    },
    {
        "_id" : ObjectId("5d77d6c624aa9a0005d0c3a9"),
        "airlineDescription" : "SPICEJET",
        "ccVendorName" : "AMEX",
        "passthroughType" : "CWT",
        "airlineCode" : "SG",
        "ccVendorCode" : "AX",
        "countryCode" : "IN"
    },
    {
        "_id" : ObjectId("5d77d6c624aa9a0005d0c3b1"),
        "airlineDescription" : "AIR ASIA",
        "ccVendorName" : "VISA",
        "passthroughType" : "CWT",
        "airlineCode" : "I5",
        "ccVendorCode" : "VI",
        "countryCode" : "IN"
    },
    {
        "_id" : ObjectId("5d77d6c624aa9a0005d0c32d"),
        "airlineDescription" : "SILKAIR",
        "ccVendorName" : "VISA",
        "passthroughType" : "Airline",
        "bookingClasses" : [ 
            "W", 
            "H", 
            "M", 
            "E", 
            "B", 
            "Y", 
            "D", 
            "U", 
            "J", 
            "C", 
            "Z"
        ],
        "airlineCode" : "MI",
        "ccVendorCode" : "VI",
        "countryCode" : "IN"
    },
    {
        "_id" : ObjectId("5d77d6c624aa9a0005d0c333"),
        "airlineDescription" : "AIR MAURITIUS",
        "ccVendorName" : "VISA",
        "passthroughType" : "CWT",
        "airlineCode" : "MK",
        "ccVendorCode" : "VI",
        "countryCode" : "IN"
    },
    {
        "_id" : ObjectId("5d77d6c624aa9a0005d0c35b"),
        "airlineDescription" : "SINGAPORE AIRLINES",
        "ccVendorName" : "AMEX",
        "passthroughType" : "CWT",
        "bookingClasses" : [ 
            "K", 
            "V", 
            "N", 
            "Q"
        ],
        "airlineCode" : "SQ",
        "ccVendorCode" : "AX",
        "countryCode" : "IN"
    },
    {
        "_id" : ObjectId("5d77d6c624aa9a0005d0c383"),
        "airlineDescription" : "GMG AIRLINES",
        "ccVendorName" : "MASTERCARD",
        "passthroughType" : "CWT",
        "airlineCode" : "Z5",
        "ccVendorCode" : "CA",
        "countryCode" : "IN"
    },
    {
        "_id" : ObjectId("5d77d6c624aa9a0005d0c39f"),
        "airlineDescription" : "GARUDA INDONESIA",
        "ccVendorName" : "VISA",
        "passthroughType" : "CWT",
        "airlineCode" : "GA",
        "ccVendorCode" : "VI",
        "countryCode" : "IN"
    },
    {
        "_id" : ObjectId("5d77d6c624aa9a0005d0c30f"),
        "airlineDescription" : "AIR ASTANA",
        "ccVendorName" : "VISA",
        "passthroughType" : "CWT",
        "airlineCode" : "KC",
        "ccVendorCode" : "VI",
        "countryCode" : "IN"
    },
    {
        "_id" : ObjectId("5d77d6c624aa9a0005d0c318"),
        "airlineDescription" : "KENYA AIRWAYS",
        "ccVendorName" : "VISA",
        "passthroughType" : "CWT",
        "airlineCode" : "KQ",
        "ccVendorCode" : "VI",
        "countryCode" : "IN"
    },
    {
        "_id" : ObjectId("5d77d6c624aa9a0005d0c321"),
        "airlineDescription" : "SWISS",
        "ccVendorName" : "VISA",
        "passthroughType" : "Airline",
        "airlineCode" : "LX",
        "ccVendorCode" : "VI",
        "countryCode" : "IN"
    },
    {
        "_id" : ObjectId("5d77d6c624aa9a0005d0c322"),
        "airlineDescription" : "EL  AL -ISREAL",
        "ccVendorName" : "AMEX",
        "passthroughType" : "CWT",
        "airlineCode" : "LY",
        "ccVendorCode" : "AX",
        "countryCode" : "IN"
    },
    {
        "_id" : ObjectId("5d77d6c624aa9a0005d0c328"),
        "airlineDescription" : "SILKAIR",
        "ccVendorName" : "AMEX",
        "passthroughType" : "CWT",
        "bookingClasses" : [ 
            "K", 
            "V", 
            "N", 
            "Q"
        ],
        "airlineCode" : "MI",
        "ccVendorCode" : "AX",
        "countryCode" : "IN"
    },
    {
        "_id" : ObjectId("5d77d6c624aa9a0005d0c32b"),
        "airlineDescription" : "SILKAIR",
        "ccVendorName" : "AMEX",
        "passthroughType" : "Airline",
        "bookingClasses" : [ 
            "W", 
            "H", 
            "M", 
            "E", 
            "B", 
            "Y", 
            "D", 
            "U", 
            "J", 
            "C", 
            "Z"
        ],
        "airlineCode" : "MI",
        "ccVendorCode" : "AX",
        "countryCode" : "IN"
    },
    {
        "_id" : ObjectId("5d77d6c624aa9a0005d0c332"),
        "airlineDescription" : "AIR MAURITIUS",
        "ccVendorName" : "MASTERCARD",
        "passthroughType" : "CWT",
        "airlineCode" : "MK",
        "ccVendorCode" : "CA",
        "countryCode" : "IN"
    },
    {
        "_id" : ObjectId("5d77d6c624aa9a0005d0c336"),
        "airlineDescription" : "EGYPT AIR",
        "ccVendorName" : "VISA",
        "passthroughType" : "CWT",
        "airlineCode" : "MS",
        "ccVendorCode" : "VI",
        "countryCode" : "IN"
    },
    {
        "_id" : ObjectId("5d77d6c624aa9a0005d0c33c"),
        "airlineDescription" : "ALL NIPPON AIRWAYS",
        "ccVendorName" : "VISA",
        "passthroughType" : "Airline",
        "airlineCode" : "NH",
        "ccVendorCode" : "VI",
        "countryCode" : "IN"
    },
    {
        "_id" : ObjectId("5d77d6c624aa9a0005d0c363"),
        "airlineDescription" : "AEROFLOT",
        "ccVendorName" : "VISA",
        "passthroughType" : "CWT",
        "airlineCode" : "SU",
        "ccVendorCode" : "VI",
        "countryCode" : "IN"
    },
    {
        "_id" : ObjectId("5d77d6c624aa9a0005d0c369"),
        "airlineDescription" : "THAI AIRWAYS",
        "ccVendorName" : "VISA",
        "passthroughType" : "Airline",
        "bookingClasses" : [ 
            "Q", 
            "H", 
            "M", 
            "B", 
            "Y", 
            "Z", 
            "J", 
            "D", 
            "C"
        ],
        "airlineCode" : "TG",
        "ccVendorCode" : "VI",
        "countryCode" : "IN"
    },
    {
        "_id" : ObjectId("5d77d6c624aa9a0005d0c36f"),
        "airlineDescription" : "TURKISH AIRLINES",
        "ccVendorName" : "VISA",
        "passthroughType" : "Airline",
        "airlineCode" : "TK",
        "ccVendorCode" : "VI",
        "countryCode" : "IN"
    },
    {
        "_id" : ObjectId("5d77d6c624aa9a0005d0c375"),
        "airlineDescription" : "SRILANKAN AIRLINES",
        "ccVendorName" : "VISA",
        "passthroughType" : "CWT",
        "airlineCode" : "UL",
        "ccVendorCode" : "VI",
        "countryCode" : "IN"
    },
    {
        "_id" : ObjectId("5d77d6c624aa9a0005d0c393"),
        "airlineDescription" : "LATAM AIRLINES",
        "ccVendorName" : "VISA",
        "passthroughType" : "CWT",
        "airlineCode" : "JJ",
        "ccVendorCode" : "VI",
        "countryCode" : "IN"
    },
    {
        "_id" : ObjectId("5d77d6c624aa9a0005d0c39e"),
        "airlineDescription" : "GARUDA INDONESIA",
        "ccVendorName" : "MASTERCARD",
        "passthroughType" : "CWT",
        "airlineCode" : "GA",
        "ccVendorCode" : "CA",
        "countryCode" : "IN"
    },
    {
        "_id" : ObjectId("5d77d6c624aa9a0005d0c313"),
        "airlineDescription" : "KLM ROYAL DUTCH",
        "ccVendorName" : "AMEX",
        "passthroughType" : "Airline",
        "airlineCode" : "KL",
        "ccVendorCode" : "AX",
        "countryCode" : "IN"
    },
    {
        "_id" : ObjectId("5d77d6c624aa9a0005d0c327"),
        "airlineDescription" : "AIR MADAGASCAR",
        "ccVendorName" : "VISA",
        "passthroughType" : "CWT",
        "airlineCode" : "MD",
        "ccVendorCode" : "VI",
        "countryCode" : "IN"
    },
    {
        "_id" : ObjectId("5d77d6c624aa9a0005d0c33a"),
        "airlineDescription" : "ALL NIPPON AIRWAYS",
        "ccVendorName" : "AMEX",
        "passthroughType" : "Airline",
        "airlineCode" : "NH",
        "ccVendorCode" : "AX",
        "countryCode" : "IN"
    },
    {
        "_id" : ObjectId("5d77d6c624aa9a0005d0c33b"),
        "airlineDescription" : "ALL NIPPON AIRWAYS",
        "ccVendorName" : "MASTERCARD",
        "passthroughType" : "Airline",
        "airlineCode" : "NH",
        "ccVendorCode" : "CA",
        "countryCode" : "IN"
    },
    {
        "_id" : ObjectId("5d77d6c624aa9a0005d0c341"),
        "airlineDescription" : "AUSTRIAN",
        "ccVendorName" : "MASTERCARD",
        "passthroughType" : "Airline",
        "airlineCode" : "OS",
        "ccVendorCode" : "CA",
        "countryCode" : "IN"
    },
    {
        "_id" : ObjectId("5d77d6c624aa9a0005d0c346"),
        "airlineDescription" : "UKRAINE INTERNATIONAL AIRLINES",
        "ccVendorName" : "AMEX",
        "passthroughType" : "CWT",
        "airlineCode" : "PS",
        "ccVendorCode" : "AX",
        "countryCode" : "IN"
    },
    {
        "_id" : ObjectId("5d77d6c624aa9a0005d0c358"),
        "airlineDescription" : "BRUSSELS AIRLINES",
        "ccVendorName" : "AMEX",
        "passthroughType" : "Airline",
        "airlineCode" : "SN",
        "ccVendorCode" : "AX",
        "countryCode" : "IN"
    },
    {
        "_id" : ObjectId("5d77d6c624aa9a0005d0c39c"),
        "airlineDescription" : "Vistara",
        "ccVendorName" : "VISA",
        "passthroughType" : "Airline",
        "airlineCode" : "UK",
        "ccVendorCode" : "VI",
        "countryCode" : "IN"
    },
    {
        "_id" : ObjectId("5d77d6c624aa9a0005d0c3a2"),
        "airlineDescription" : "ROYAL BRUNEI AIRLINES",
        "ccVendorName" : "VISA",
        "passthroughType" : "CWT",
        "airlineCode" : "BI",
        "ccVendorCode" : "VI",
        "countryCode" : "IN"
    },
    {
        "_id" : ObjectId("5d9ab85d24aa9a0005d9ee39"),
        "airlineDescription" : "Airline Is The Merchant",
        "ccVendorName" : "Mastercard",
        "passthroughType" : "Airline",
        "bookingClasses" : [ 
            "Y"
        ],
        "airlineCode" : "PR",
        "ccVendorCode" : "MC",
        "countryCode" : "IN"
    }
]